PHATE1,PHATE2,label,sentence
0.03508523664033261,0.009735063273192311,grammar_english,A small tree swims.
0.0150017604819404,0.006016009732168953,grammar_english,One bright dog jumps.
0.026413043249409785,0.0003508647420446138,grammar_english,Some cat jumps.
0.0047361027344257085,0.0004427431075125077,grammar_english,The small car runs.
0.01076829573319716,0.006361163501247119,grammar_english,One blue book runs.
-0.0050383192959229245,0.01858547981990265,grammar_english,A big car jumps.
0.001873868134385277,0.006382418777022395,grammar_english,Some small book sleeps.
0.01676844990848208,-0.0007933900768916281,grammar_english,Some big dog flies.
0.009547615510918737,-0.000451263747453705,grammar_english,A big car flies.
0.012804670886683276,-0.024810536432288186,grammar_english,One small tree thinks.
-2.1232328008154413e-05,-0.003010202809795595,grammar_english,One big car sleeps.
-0.012254760131934526,0.015588326285695743,grammar_english,The big book jumps.
0.01696314804874212,0.0021805144782760955,grammar_english,A small dog flies.
0.023663387036864998,0.004245405524787636,grammar_english,One red house swims.
0.022941597514854487,-0.007706309557219714,grammar_english,A slow cat sleeps.
-0.010189974961408265,-0.011761218390979671,grammar_english,One green idea flies.
-0.073813971852743,0.006833775017664269,grammar_english,One slow scientist works.
0.041454874252148444,0.02310782029447621,grammar_english,The small river swims.
0.019771447549160336,-0.035738328991625656,grammar_english,Some red cat thinks.
-0.02286559553929336,0.0057558429146518965,grammar_english,A happy computer jumps.
0.0083701890996781,-0.028556782215197696,grammar_english,The big book thinks.
0.005247458161409044,-0.006397927618241068,grammar_english,One green house flies.
-0.019876470346834117,-0.04585327910848957,grammar_english,Some big idea swims.
-0.0061289321582159075,-0.04644019450867921,grammar_english,A quick idea runs.
0.006025268001899898,-0.008933665554117853,grammar_english,The house runs.
-0.03275420180012396,0.006966525097421628,grammar_english,The slow computer runs.
-0.0004573536145504219,-0.001124940589759478,grammar_english,Some big dog sleeps.
-0.06300047790734797,0.02695409031747664,grammar_english,Any scientist flies.
0.036081709337890684,-0.006919890862091566,grammar_english,One cat swims.
-0.061793357488880686,0.015461234157702404,grammar_english,One sad scientist runs.
-0.08132823060703552,0.0025278182153374196,grammar_english,One big scientist thinks.
-0.010696057026069105,-0.000999264942272978,grammar_english,One big computer works.
0.026463443087488155,-0.01718127308219938,grammar_english,The cat runs.
0.012341197804115321,0.012026233579683902,grammar_english,Some green car runs.
-0.014237880704123854,-0.04657127900667288,grammar_english,One sad idea jumps.
0.0014522894633052464,0.0005868435880419763,grammar_english,A sad car swims.
-0.0012384166183808016,0.008365802430229973,grammar_english,The sad car works.
0.0025610142134097867,-0.007987365665706049,grammar_english,One slow house flies.
-0.06029064096190178,0.023639146638342236,grammar_english,The happy scientist flies.
0.04470615136465484,0.025484652975843177,grammar_english,One small river swims.
0.006264414504293076,-0.008660457353426016,grammar_english,The slow house works.
-0.012677871643153732,0.014100825539188034,grammar_english,The book jumps.
-0.01573483939692801,-0.015055700499649206,grammar_english,A blue idea works.
0.03632600717135958,-0.007531691658775976,grammar_english,A quick cat swims.
0.0053749681910573305,0.005485992518567031,grammar_english,Some blue house runs.
-0.009097068067279753,0.009586529892536997,grammar_english,Some blue computer runs.
0.007197530874823837,0.029896816120898236,grammar_english,The sad river sleeps.
0.01780383081883774,-0.0036470074380530416,grammar_english,A big car swims.
0.0009215456199430342,0.032612960630268736,grammar_english,A sad tree sleeps.
-0.06267535794665775,0.024917088433109025,grammar_english,The scientist flies.
0.004100595676049012,0.018373590474862322,grammar_english,The green tree sleeps.
9.883643710007338e-05,-0.02162591428164745,grammar_english,A red dog thinks.
-0.03694823790176478,-0.02522289126206991,grammar_english,A computer thinks.
0.004119117037277541,-0.020594418076320616,grammar_english,The quick house thinks.
-0.02231852694160995,-0.0072417583573654845,grammar_english,A blue idea sleeps.
-0.006839817885963224,0.0018860362149457376,grammar_english,A small computer flies.
-0.008821968170392004,0.006032641662756923,grammar_english,Some red computer works.
-0.06870546290414672,0.007494556159558137,grammar_english,The slow scientist works.
0.027053691562491038,-0.04091151615673816,grammar_english,A sad cat thinks.
0.00011277235655344154,-0.0005587103335482939,grammar_english,Some quick book sleeps.
0.007804889310480586,-0.005908702958243379,grammar_english,Some quick dog works.
0.009250182721153554,-0.0021012794903602946,grammar_english,A bright dog works.
0.018101944743968045,0.0033905439020922973,grammar_english,A dog flies.
-0.024696706332065707,0.003923397855853318,grammar_english,A green computer jumps.
0.025803113723216243,-0.03950848805497495,grammar_english,One small cat thinks.
0.004454307494894023,0.0006431682327233054,grammar_english,The blue dog works.
0.004783993618681213,-0.00822147426760553,grammar_english,The slow car works.
0.005414713617306704,-0.01989064749889444,grammar_english,A green house thinks.
0.023923614494214457,0.007328965849635751,grammar_english,A red cat jumps.
0.021753133190169527,0.02254454060412597,grammar_english,A blue tree jumps.
0.003990127152074822,-0.009487154915526035,grammar_english,One small book works.
0.006086876733861134,-0.0066650271255093724,grammar_english,The quick house flies.
-0.04534590433690213,0.017854160575720285,grammar_english,A small scientist jumps.
-0.08349549410091456,0.0281259900285962,grammar_english,One bright scientist sleeps.
0.03570896350787191,-0.00562258610335997,grammar_english,One red cat swims.
-0.07604976366785926,0.003601833785376929,grammar_english,One happy scientist thinks.
0.009767083239151476,-0.018794620246651374,grammar_english,The bright book thinks.
0.010675776110644235,0.011306055073842552,grammar_english,Some green car works.
-0.002370098566002885,-0.0025408251999360916,grammar_english,The big car sleeps.
0.0035804243402146477,0.02553845914010696,grammar_english,One sad tree works.
-0.02313121257546958,0.006845063662428196,grammar_english,One sad computer runs.
0.019858851218775068,0.011315530452336296,grammar_english,A red house jumps.
-0.013604277481326615,-0.03686960921351195,grammar_english,One sad idea flies.
-0.0028964301794326026,0.003444054833646588,grammar_english,One slow book swims.
0.03638889876954101,-0.007147470659986847,grammar_english,One green cat swims.
-0.0005800991778349884,0.0016420226576016373,grammar_english,One blue dog sleeps.
0.0184665273501027,0.018272194616106203,grammar_english,One big tree jumps.
0.014303431183508053,0.002149902779092848,grammar_english,Some blue house flies.
0.034057647522972814,0.040006345956705935,grammar_english,A quick river works.
0.0016670056638216622,0.031048578255671467,grammar_english,The sad tree sleeps.
0.006594232206289677,0.016797481505115102,grammar_english,The red tree sleeps.
0.028247468104259963,0.00243744376821012,grammar_english,The small dog swims.
0.020166283110760724,0.017056355977269354,grammar_english,One slow tree runs.
0.019054173820129507,-0.040917472121912934,grammar_english,A happy car thinks.
-0.0007045499534112712,0.012265303858179163,grammar_english,The red car works.
0.010251476304516482,-0.007898915540394505,grammar_english,The bright book runs.
0.03235765141179749,0.0031445958224086807,grammar_english,Any dog swims.
-0.07586226201000947,0.012377663943876282,grammar_english,The blue scientist runs.
-0.017185053464691808,-0.014185417688503642,grammar_english,A blue idea runs.
0.0034672788159242226,-0.015281425005656876,grammar_english,A quick book runs.
-0.01590363989920666,-0.01648150408899907,grammar_english,Some blue idea works.
0.019245480468735313,0.018245526744176625,grammar_english,One slow tree jumps.
-0.017275277646017717,-0.02814043965509087,grammar_english,The red idea swims.
0.021481921583108736,-0.003023997493857615,grammar_english,One house swims.
0.01767944561775112,-0.00821961160135056,grammar_english,The slow cat works.
0.01570391941417249,-0.0031098689170953498,grammar_english,The slow car swims.
0.012997627616578378,0.03315575664856137,grammar_english,One sad river runs.
0.025350249361448644,0.02866635932718352,grammar_english,The red river jumps.
-0.02483961777725993,-0.001694627563521185,grammar_english,One slow idea sleeps.
0.04270963489971621,0.039329838835895345,grammar_english,The quick river flies.
0.010025746772960226,-0.0027846726767720934,grammar_english,A bright dog sleeps.
-0.0800825089458446,0.02753446335064937,grammar_english,A big scientist sleeps.
0.028593112232563136,-0.02338595782066331,grammar_english,Any cat runs.
0.022460374087391603,0.009755260896133287,grammar_english,The tree flies.
0.008847829076188364,0.022607032155873768,grammar_english,The red river sleeps.
0.02868863209730755,0.027816436901696977,grammar_english,The bright river runs.
-0.010894054704267117,-0.053424992320119234,grammar_english,The quick idea jumps.
0.019640117747446503,0.0019632268698644597,grammar_english,One red dog flies.
0.033777142766012576,-0.0037830772693479018,grammar_english,Some small cat swims.
-0.029158651939641518,0.005638757057462194,grammar_english,The slow computer sleeps.
-0.006512081831814676,-0.03774343488562057,grammar_english,Some big idea works.
0.01466840612232669,0.0022248294579394943,grammar_english,A blue book swims.
-0.0015977465923122257,-0.009360055797558385,grammar_english,One sad car flies.
-0.02350359198179249,0.0033665178776613324,grammar_english,A blue computer sleeps.
-0.015043531818012741,-0.03629975404158259,grammar_english,The sad idea flies.
-0.01688309214676494,0.010248866120176052,grammar_english,One blue computer jumps.
0.025347421958163183,-0.03689234741922096,grammar_english,A blue cat thinks.
0.0036139660658874996,0.005756339208224691,grammar_english,A red dog sleeps.
0.004471040291716031,-0.008248235637630016,grammar_english,The slow house runs.
-0.014880546318719096,0.019554850560626977,grammar_english,A small car jumps.
0.00464014638766305,0.012656798624015284,grammar_english,One red car runs.
0.036744729989952075,-0.008109296231919048,grammar_english,One bright cat swims.
-0.02129076682071917,-0.051006445322280144,grammar_english,One bright idea swims.
0.026642736198400328,-0.0409318041984047,grammar_english,A small cat thinks.
-0.019567075281639656,-0.0272152746372674,grammar_english,A red idea runs.
0.0062064865911382544,-0.0003028541806506762,grammar_english,A car runs.
0.012852371692039795,0.000303045712997575,grammar_english,The sad dog flies.
0.015640684236632525,0.019628304100979196,grammar_english,Any tree works.
-0.0786904906174433,0.01854919608551987,grammar_english,The red scientist runs.
-0.08275679536391428,0.02311507207985267,grammar_english,A red scientist sleeps.
0.011223148634154438,-0.020836672269696616,grammar_english,Some happy car flies.
-0.00031660105824255624,0.01019271397829875,grammar_english,The sad car sleeps.
0.006964074261917101,-0.017641100360935427,grammar_english,A green tree thinks.
-0.02932842269989569,-0.011867735705522383,grammar_english,The green computer thinks.
0.023678683253736666,0.012132707168616823,grammar_english,The bright tree flies.
0.018549252415757195,0.0014492237718303374,grammar_english,One big dog flies.
0.022384192105147735,0.013013129657288335,grammar_english,The bright tree runs.
0.0280956038561139,-0.03830986069303119,grammar_english,Any cat thinks.
0.03197041183872424,0.007154732519527173,grammar_english,One red tree swims.
0.014265878793396749,0.0007476262709618003,grammar_english,A green book swims.
0.021108087376224948,-0.004061603374706424,grammar_english,One car swims.
0.019780126065969808,0.00198018900559561,grammar_english,The small dog flies.
0.0035160675293371456,-0.004162344199362969,grammar_english,One big book works.
-0.0008336739684551179,-1.3718205314210852e-05,grammar_english,One car works.
-0.013139856150728074,-0.004416298902083268,grammar_english,One happy book flies.
0.01812653662645023,0.0018852431047946157,grammar_english,One bright dog flies.
-0.07789542769410748,0.027833973745512598,grammar_english,A small scientist sleeps.
-0.01506908561520984,0.02120901197751416,grammar_english,The happy book swims.
-0.009661802310861266,0.0016550402997160608,grammar_english,A red computer works.
0.03466142584033294,0.041312637148311036,grammar_english,Some big river works.
-0.004702982588116812,-0.010417282211032726,grammar_english,The red computer swims.
0.04267115116122141,0.0392930806701358,grammar_english,A quick river flies.
-0.011620107807183176,0.020891208696707967,grammar_english,The car jumps.
-0.018864531997061253,0.01744989529165727,grammar_english,A small book jumps.
0.04209732496003865,0.023942685910641626,grammar_english,A small river swims.
0.004886726877229812,-0.01032598907187352,grammar_english,The book runs.
0.00793128451926695,-0.0002692230394807066,grammar_english,A green dog works.
0.011538817384052043,-0.005891467864140433,grammar_english,A green house flies.
-0.0823806904483136,0.003512751885759976,grammar_english,Some big scientist works.
-0.019708628680989604,-0.027388931189479822,grammar_english,The red idea flies.
-0.012287139524127744,-0.05630423796048026,grammar_english,One big idea jumps.
0.001975146908040144,0.0028791801482428987,grammar_english,One small car runs.
-0.00017142389925512954,0.030312272194680443,grammar_english,The sad tree thinks.
0.03326998190341908,0.007851905584515066,grammar_english,Some red tree swims.
0.0011072014096252867,0.03330162621341576,grammar_english,One sad tree sleeps.
0.017073285330817548,0.022036897016692807,grammar_english,Some tree works.
-0.007981630821316085,-0.05248826503711499,grammar_english,Some happy idea runs.
0.029248824991768604,0.033538383286210595,grammar_english,One blue river works.
0.018694561189202555,-0.04052534078045505,grammar_english,Some happy car thinks.
-0.08288830161586556,0.023826661979119746,grammar_english,One red scientist sleeps.
0.012369862828322604,-0.0361369915937671,grammar_english,Some red house thinks.
-0.0008821005131559219,0.014489692518892873,grammar_english,One sad book works.
-0.005056498737769102,0.020650445056175186,grammar_english,Some small book swims.
-0.02712313481974807,0.005596811405576912,grammar_english,One happy computer sleeps.
0.027459312349438176,0.03421162895620215,grammar_english,One green river runs.
0.010357933715442311,-0.034511607018230944,grammar_english,One happy house thinks.
0.03237262063587197,0.008731291789700696,grammar_english,A bright tree swims.
0.021734697764581052,-0.004682306399086516,grammar_english,Some green cat flies.
0.0050396010509895055,0.014808006496190301,grammar_english,The red book sleeps.
-0.06342046425973734,0.019948134384964563,grammar_english,One happy scientist flies.
0.014731346212106412,-0.03415161736470305,grammar_english,One slow dog thinks.
0.017418506200918078,0.01646929220668336,grammar_english,A blue tree runs.
0.009369521101114853,0.023985004899968534,grammar_english,The blue river sleeps.
0.011795957152334453,-0.005832313269032235,grammar_english,A quick dog sleeps.
-0.013423475584336111,0.0011170073614047763,grammar_english,One slow book sleeps.
-0.00822031084424661,0.015051466294329897,grammar_english,One small car jumps.
-0.014273193878990599,-0.0065286003038925585,grammar_english,One red idea sleeps.
-0.002056187836425273,-0.03193482436183773,grammar_english,The quick idea thinks.
-0.050171013086074405,0.025897684327520216,grammar_english,The happy scientist swims.
0.0308735049321833,-0.007263089348222827,grammar_english,A slow cat swims.
-0.00359840976228323,-0.035095486544494986,grammar_english,A small idea works.
0.005202580348050929,-0.0019218764754982394,grammar_english,The small house sleeps.
-0.00176801171189727,-0.007148999466109044,grammar_english,One big computer swims.
-0.004585751397083049,-0.03958458443414647,grammar_english,The quick idea works.
0.005011017811314357,-0.00028251548455471797,grammar_english,One house sleeps.
-0.02129650544001801,-0.0005292070187863164,grammar_english,A computer works.
0.0035164760745836467,0.0128348537648307,grammar_english,A red book sleeps.
-0.037522216342411104,-0.024601281429797197,grammar_english,One bright computer thinks.
0.03138261181727971,0.02885171115648637,grammar_english,A blue river flies.
0.03014562654117439,0.0012994464655614632,grammar_english,Some small dog swims.
-0.01157536190150764,0.01902199984920874,grammar_english,The small car jumps.
0.007871973487810753,0.02251585741791415,grammar_english,The sad tree jumps.
-0.011881451518300704,-0.05455426928150644,grammar_english,Some small idea jumps.
0.025183593801228615,-0.0059333396200105205,grammar_english,The green cat flies.
0.012861691366272125,-0.006213132483074702,grammar_english,Some big car flies.
-0.03866079111219737,0.0035360372111919954,grammar_english,A big idea sleeps.
0.00030868825638575035,0.012983865908049794,grammar_english,Some red car works.
-0.07997519486521414,0.02817179043131174,grammar_english,The big scientist sleeps.
0.013256677188128611,-0.037717283268697804,grammar_english,One happy dog thinks.
-0.012133927116694058,-0.05431227582719462,grammar_english,One happy idea jumps.
0.023867574767991773,-0.039392340404663675,grammar_english,One big cat thinks.
-0.025290683397261256,0.005480927088054476,grammar_english,A computer sleeps.
0.00653014255384031,-0.005709541108941996,grammar_english,A quick house sleeps.
-0.02341779383957709,-0.006480298348452562,grammar_english,One green idea sleeps.
0.02792450223769711,0.03183529551156567,grammar_english,A big river jumps.
-0.01206419032220939,0.023614615038693266,grammar_english,Some happy book swims.
-0.0041840593922962445,-0.04008483259331291,grammar_english,One quick idea works.
0.024869862640759192,0.020666637231001754,grammar_english,A bright river thinks.
0.009536227335109847,0.03342946391843512,grammar_english,A sad river works.
0.007111426184282599,0.012448186964976318,grammar_english,The red house sleeps.
-0.04079272040057352,0.004091279119315878,grammar_english,Some green computer sleeps.
0.02237085293535266,0.01288592275678048,grammar_english,The blue tree flies.
-0.013021296423431312,-0.05393890500309679,grammar_english,The idea jumps.
0.008808466432789002,-0.0070830544131067,grammar_english,The quick house sleeps.
-0.02303009067306735,0.023447348466003163,grammar_english,Some small scientist swims.
-0.07054694097244714,0.01014994441687058,grammar_english,One happy scientist works.
-0.028635348617752576,0.006529719364089577,grammar_english,The slow computer jumps.
0.009452395197091623,0.02298252047657414,grammar_english,A red river sleeps.
-0.02088288023661472,-0.048879961975150855,grammar_english,A bright idea swims.
0.013643139646229322,0.01908871530430804,grammar_english,One happy tree jumps.
-0.07920218951403173,0.018483758949092693,grammar_english,The red scientist thinks.
-0.03746312077336407,-0.024650830853109765,grammar_english,The computer thinks.
-0.01741546440662233,0.010586603454430004,grammar_english,Some blue computer jumps.
-0.06531936724416498,0.014121895401670123,grammar_english,A sad scientist works.
0.011570592931159517,0.02426834088465974,grammar_english,The slow river sleeps.
0.009162552250179774,-0.007993471378049573,grammar_english,One green book works.
0.03325535207946334,0.040406893238169095,grammar_english,One big river works.
-0.0004712355528166382,0.0068133977129248464,grammar_english,Some sad car sleeps.
-0.07083218091125273,0.01987707335863865,grammar_english,The red scientist jumps.
0.04289133936368323,0.03562595434476691,grammar_english,A small river flies.
0.01524494736272152,-0.03317089929330883,grammar_english,One big car thinks.
0.024215564483804006,-0.0423387782329508,grammar_english,A happy cat thinks.
0.03446787374063182,0.00868197216083118,grammar_english,The tree swims.
0.004205020586866604,-0.012141823757912167,grammar_english,A small house works.
0.006913735602104177,-0.007331575242274732,grammar_english,One small house flies.
-0.007700380633917714,-0.05138083266049585,grammar_english,Some small idea runs.
0.02747562738190978,0.029585045262733027,grammar_english,Some blue river runs.
0.03464903328431382,-0.007336723354702406,grammar_english,A blue cat swims.
0.0015467291329965436,0.03035710372746015,grammar_english,The happy tree sleeps.
0.020786599591702492,0.017941136905801472,grammar_english,One green tree runs.
0.00975055432958015,0.018769269669745948,grammar_english,Some small river sleeps.
-0.07669393729840886,0.02594265647758142,grammar_english,A green scientist sleeps.
0.0195497884515701,0.019172727432826504,grammar_english,A slow tree jumps.
0.028805370562538526,-0.006202318900090815,grammar_english,One blue cat flies.
-0.03372905303679558,-0.024142243854037723,grammar_english,The big computer thinks.
0.0005361407202043067,-0.001478913634542315,grammar_english,Some big car sleeps.
-0.08193535405437757,0.007179654121506604,grammar_english,Some blue scientist thinks.
0.0047407676880556636,-0.021691653106870913,grammar_english,One green car thinks.
0.003260414099296691,-0.009696062115291804,grammar_english,One quick car works.
-0.0029848700658440344,-0.03634824818937034,grammar_english,Any idea works.
-0.021278979356372393,0.006584395537670411,grammar_english,Some happy computer jumps.
0.006652659316647445,-0.0045952757319243295,grammar_english,The quick car sleeps.
0.021954568043814047,0.016496241303904955,grammar_english,A slow river thinks.
0.016745397114055448,-0.007466646692785714,grammar_english,The quick cat sleeps.
0.025849937740383883,-0.03961707539906427,grammar_english,One quick cat thinks.
0.03238329624827892,0.03475536569669604,grammar_english,A quick river jumps.
-0.006413590514433542,0.019887039239455142,grammar_english,A happy book swims.
-0.014612348305585093,0.004475022826716773,grammar_english,A book sleeps.
-0.08280182308265195,0.0038065005233910297,grammar_english,Some scientist thinks.
0.031390252554472725,0.03845405677580734,grammar_english,Some green river works.
0.0005908217031131945,-0.0007326554389438447,grammar_english,One small dog sleeps.
0.008532245837657734,-0.037811609887556774,grammar_english,Some red idea thinks.
0.007037950141033733,-0.023131141203768645,grammar_english,One quick book thinks.
0.003261340249612041,-0.02159125942437488,grammar_english,One blue house thinks.
-0.015402773415250341,-0.01753307644111709,grammar_english,The blue idea flies.
0.003434185309979055,0.019514268353163222,grammar_english,The big cat jumps.
0.010446973102440183,-0.02171816842488768,grammar_english,One quick tree thinks.
-0.013962843944383746,-0.0006498999257849128,grammar_english,One computer works.
-0.02524809899423277,0.004954113100267116,grammar_english,One slow computer flies.
0.019734165236894016,0.012068856540846978,grammar_english,The bright tree works.
0.030492185023336636,-0.014075644936744618,grammar_english,One bright cat runs.
0.020892359036645047,-0.04167884309222121,grammar_english,The happy car thinks.
-0.0734881687434324,0.0068174588166665315,grammar_english,The quick scientist works.
0.03264583864750107,0.039701696184110374,grammar_english,One river works.
0.04360346109509155,0.024963945104710995,grammar_english,One big river swims.
0.008330400104466595,-0.009509149158540406,grammar_english,A bright book works.
-0.022276059291030374,-0.028249451741568867,grammar_english,The red idea runs.
0.01730233208166081,0.021784401266722254,grammar_english,One tree works.
-0.008848424990874687,-0.05198558096059893,grammar_english,One big idea runs.
0.028168029586714924,0.0296800332867861,grammar_english,A blue river jumps.
-0.005834015163683945,-0.008616862681492728,grammar_english,One happy house flies.
0.02649394519721376,-0.03970501822185134,grammar_english,Some quick cat thinks.
0.04229907331304304,0.038285446776255234,grammar_english,One slow river flies.
0.005787338807637756,0.011425997807182573,grammar_english,A red car runs.
0.01977410906769052,0.01645990532615376,grammar_english,One big tree runs.
0.006373401859146633,-0.018057664548059453,grammar_english,One green book thinks.
0.00703913251074762,0.00710569310601731,grammar_english,One red house sleeps.
-0.036890812774826594,-0.026452999560500047,grammar_english,A quick computer thinks.
0.03745625303841838,-0.00806989761976104,grammar_english,The bright cat swims.
0.024606331838720793,-0.006813428533849059,grammar_english,A slow cat flies.
0.02254002232950582,-0.005222640495819083,grammar_english,One bright car swims.
0.03213299572821965,0.03950864092609792,grammar_english,One green river works.
-0.011390346245594053,0.0008869140145788909,grammar_english,One small computer runs.
0.02146717842963401,0.005523962210853876,grammar_english,One slow cat jumps.
0.015764763255377384,-0.02752248147820599,grammar_english,A slow car thinks.
0.0052945551366930755,-0.021284334874025434,grammar_english,Some green dog thinks.
0.03188851555368398,0.02119584702419705,grammar_english,A happy river swims.
0.022854288931072293,-0.014334970970077035,grammar_english,Some big house swims.
-0.0013544021540172304,0.004937928460240481,grammar_english,The sad car runs.
-0.010161537811872975,0.008002146573498747,grammar_english,The happy book jumps.
0.019237759020329075,-0.002882479204050938,grammar_english,A green car swims.
-0.036980211869837465,-0.02660666854904923,grammar_english,A small computer thinks.
0.010757892169870845,0.0011497809919190183,grammar_english,A green book runs.
0.045188368767973296,0.04076886275336199,grammar_english,Any river flies.
0.01776215641311951,0.003039710699165368,grammar_english,The dog flies.
-0.004261073757606947,-0.03710075232568268,grammar_english,The bright idea works.
-0.024211917562014035,0.004478396855164987,grammar_english,A happy computer works.
0.03419665510342856,0.007265430087059769,grammar_english,Any tree swims.
-0.01754905754567975,-0.04263992290007225,grammar_english,Some sad idea swims.
0.02947126117246702,0.00951662214341669,agrammar_english,Tree small swims a.
0.0016290731232273237,0.0128144424952929,agrammar_english,Jumps dog one bright.
-0.0008051442833575932,0.01921832487604487,agrammar_english,Cat some jumps.
0.007921064257643261,-0.0026238326493920184,agrammar_english,Runs small car the.
0.01261984687390047,0.00778398097160328,agrammar_english,Blue book runs one.
-0.010526799773457374,0.020147596254164485,agrammar_english,Jumps car a big.
0.005399699235260999,0.00429086163435089,agrammar_english,Some sleeps book small.
0.017022918038045554,0.001245037936389584,agrammar_english,Some dog flies big.
0.011887916223583627,-0.00047028736268375646,agrammar_english,Car big flies a.
0.01438715964443848,-0.014849449130301293,agrammar_english,Thinks one small tree.
0.002995575356362103,-0.0014423931301371794,agrammar_english,Car one sleeps big.
-0.009696348584671744,0.012437775797612216,agrammar_english,Book jumps big the.
0.01596693305872328,0.0019238091885254971,agrammar_english,A flies small dog.
0.02051957072124866,0.003324799167437499,agrammar_english,Swims red house one.
0.023195930664433293,-0.00827542284910329,agrammar_english,Cat sleeps slow a.
-0.004561197381875046,-0.00822940631430736,agrammar_english,One green flies idea.
-0.07275885808129429,0.007583426365845281,agrammar_english,Works one scientist slow.
0.03066839432737258,0.012942232554780391,agrammar_english,Small swims river the.
0.01978346019246142,-0.030021625013331114,agrammar_english,Red thinks some cat.
-0.01883816112357369,0.004556508263020701,agrammar_english,Jumps computer happy a.
0.008266616997592884,-0.02891865630614766,agrammar_english,The big book thinks.
0.01002980400471239,-0.003985887606305142,agrammar_english,One house flies green.
-0.01108199115265653,-0.02798396203535187,agrammar_english,Some swims idea big.
-0.00534006108458081,-0.04372131787988103,agrammar_english,Quick runs idea a.
0.0063109376112389605,-0.009296691001371697,agrammar_english,House the runs.
-0.042211586268147805,0.006647447162285007,agrammar_english,The computer runs slow.
0.0009226592326998412,-0.0016784987738469046,agrammar_english,Big some sleeps dog.
-0.06284932013347552,0.027152190786908857,agrammar_english,Any scientist flies.
0.03396078311207895,-0.007059793894668823,agrammar_english,Cat swims one.
-0.05015982506084322,0.023713423216467213,agrammar_english,Runs scientist sad one.
-0.07465151006245498,0.0014038145788033997,agrammar_english,Big thinks one scientist.
-0.013779507392542412,-0.002203232649679839,agrammar_english,Works big one computer.
0.029121192700009447,-0.0236160346847648,agrammar_english,The runs cat.
0.009769865904784236,0.007995135241678754,agrammar_english,Car some runs green.
-0.01466122122942549,-0.04465343519340713,agrammar_english,One jumps idea sad.
0.0013567328031986368,0.0005378327595157747,agrammar_english,A sad car swims.
-0.002412178708514893,0.01390282193873662,agrammar_english,Sad works the car.
0.0024310415840887957,-0.010322808428389636,agrammar_english,Slow house one flies.
-0.058602416017932445,0.024326497077959974,agrammar_english,Happy scientist flies the.
0.0435368727292232,0.024162674227296264,agrammar_english,Small one river swims.
0.004804798748795675,-0.007858642153443075,agrammar_english,The house slow works.
-0.012839104682731523,0.014074316661785507,agrammar_english,The book jumps.
-0.015768210238903804,-0.01647244362767192,agrammar_english,Blue works idea a.
0.03802505746537278,-0.007671228177304593,agrammar_english,A quick swims cat.
0.005572914534477546,0.001202149807771515,agrammar_english,Runs house blue some.
-0.008066871473457225,0.012597782879319367,agrammar_english,Computer some runs blue.
0.005281226487169357,0.033781353631677044,agrammar_english,Sad the sleeps river.
0.015886139424250212,-0.001454550706268602,agrammar_english,Swims big car a.
-0.00511922837554462,0.031833145737309804,agrammar_english,Tree sleeps a sad.
-0.054889198924106444,0.0244418572026855,agrammar_english,Scientist flies the.
0.0027801035284667638,0.01667604534663226,agrammar_english,Sleeps the green tree.
0.012450828710935509,-0.012917962682648202,agrammar_english,Thinks dog red a.
-0.033285456529980384,-0.019099387400176145,agrammar_english,Computer thinks a.
0.008084326394277863,-0.012147263809637569,agrammar_english,Thinks the house quick.
-0.0173433668022839,-0.013065234352473898,agrammar_english,Sleeps blue idea a.
-0.005256730141826524,0.0016761014226626915,agrammar_english,Small flies computer a.
-0.01111465766135268,0.008342844170310238,agrammar_english,Some works computer red.
-0.06510910341678912,0.008592427703506577,agrammar_english,The scientist works slow.
0.025761702100702246,-0.03699334838208098,agrammar_english,Thinks a cat sad.
0.003998178684496976,-0.0018488374971368808,agrammar_english,Some sleeps quick book.
0.007789901014887271,-0.0059376970880182876,agrammar_english,Some quick dog works.
0.009847786508873968,-0.0005834952442365269,agrammar_english,Bright dog works a.
0.01159344423863944,0.0005724209992973319,agrammar_english,Flies dog a.
-0.014497526085500598,0.003988156204372561,agrammar_english,Green jumps computer a.
0.025080188200751852,-0.03344379468486729,agrammar_english,Thinks cat one small.
0.006114675383241007,0.002482735144104457,agrammar_english,Blue dog works the.
0.008672218654988679,-0.0053599245757000175,agrammar_english,Car works slow the.
0.007827559588683117,-0.013598070991095954,agrammar_english,A house thinks green.
0.02489466943605763,0.0047467273444210594,agrammar_english,Jumps a cat red.
0.023279660671945153,0.023953941961297947,agrammar_english,Tree blue a jumps.
0.004777826907797694,-0.01202487554484824,agrammar_english,Small book one works.
0.013701413970823969,0.003345336503612269,agrammar_english,Flies quick house the.
-0.03749433723999601,0.005279172514088002,agrammar_english,A jumps small scientist.
-0.08385589554263942,0.02816804422717617,agrammar_english,Bright one scientist sleeps.
0.035650310251571005,-0.008763560509457032,agrammar_english,Cat red swims one.
-0.07268853899417732,0.00020019700315221026,agrammar_english,Happy thinks one scientist.
0.005507156824041446,-0.012320944533697706,agrammar_english,Book thinks the bright.
0.011005458906487938,0.007194395603932568,agrammar_english,Car some works green.
0.0009809862487906076,-0.00044866374524874544,agrammar_english,Sleeps the big car.
-0.0148207796068948,0.02877990939491687,agrammar_english,Tree works sad one.
-0.007548186710105152,0.01359590718384127,agrammar_english,Sad runs computer one.
0.015233925560785488,0.012872061348813179,agrammar_english,Red house jumps a.
-0.015398590956543357,-0.03362417256195507,agrammar_english,One idea sad flies.
0.005919383481732016,0.0029076012920132652,agrammar_english,Book one swims slow.
0.03263801290748977,-0.006350570833380977,agrammar_english,Cat one swims green.
-0.00318439906163443,0.0006985513007083652,agrammar_english,One dog blue sleeps.
0.019041513853234122,0.019333975728280297,agrammar_english,One jumps big tree.
0.010704940621247206,0.0017471581367554758,agrammar_english,House flies some blue.
0.0405594788490988,0.04179371930546481,agrammar_english,Works river a quick.
0.0004090947448430757,0.02946544925375217,agrammar_english,Sad sleeps the tree.
0.007747886296849233,0.014398240307026352,agrammar_english,Red the tree sleeps.
0.02526029618540056,0.006446717627868034,agrammar_english,Small swims dog the.
0.018052357551118784,0.015609694115191166,agrammar_english,Runs tree one slow.
0.019909750027025473,-0.042251657402520626,agrammar_english,Car a thinks happy.
-0.00235698157719351,0.017455921652629873,agrammar_english,Works the car red.
0.002695155493786641,-0.007033107904016083,agrammar_english,Runs book bright the.
0.03326612352438692,0.003653980169649883,agrammar_english,Swims any dog.
-0.07368868705659155,0.012705775131774554,agrammar_english,Runs blue the scientist.
-0.016166408825005227,-0.016344371399012576,agrammar_english,Idea blue a runs.
-0.001323139825777705,-0.025885580580179157,agrammar_english,Book a quick runs.
-0.011983723905206824,-0.013227009763183029,agrammar_english,Idea works blue some.
0.018315696443772008,0.020548723139154568,agrammar_english,Slow jumps tree one.
-0.018880185477270772,-0.02753662854894844,agrammar_english,Swims red the idea.
0.0185377518559253,-0.004145654897757234,agrammar_english,House swims one.
0.019681419254705172,-0.00894024587039708,agrammar_english,Works the slow cat.
0.01526786699264235,-0.0035553205495316115,agrammar_english,The slow car swims.
0.0021484572433384994,0.03151948981227054,agrammar_english,Runs sad river one.
0.015340416907761346,0.02704725239972668,agrammar_english,River red jumps the.
-0.022357719991668763,-0.003120150895492971,agrammar_english,Slow idea sleeps one.
0.04177651581807647,0.038344319619311444,agrammar_english,Flies the quick river.
0.010770388737020931,-0.0035330132033023895,agrammar_english,Sleeps bright a dog.
-0.08243164398596935,0.02850686738836935,agrammar_english,Scientist a big sleeps.
0.028825783480331327,-0.0268319295714226,agrammar_english,Runs cat any.
0.022076832245893005,0.0113854531552177,agrammar_english,Flies the tree.
0.011846997207564772,0.019876521482369777,agrammar_english,River sleeps red the.
0.034075246571569885,0.032967558485312666,agrammar_english,Runs bright the river.
-0.012129413847814022,-0.054734740751335935,agrammar_english,Quick the idea jumps.
0.018644125853921504,0.0028540016034126563,agrammar_english,Red dog flies one.
0.03247184405979015,-0.003481604456902615,agrammar_english,Cat swims small some.
-0.02971572384423009,0.006101852223930557,agrammar_english,Slow computer the sleeps.
-0.005393031874802732,-0.036562964029967705,agrammar_english,Works some big idea.
0.017935260273520603,-0.0010423770144002073,agrammar_english,Blue swims a book.
-0.004418145910888015,-0.002532507366533485,agrammar_english,Flies car sad one.
-0.020014320462344477,0.003488401962748094,agrammar_english,Sleeps computer a blue.
-0.01137500938971711,-0.03128360640428565,agrammar_english,Idea the flies sad.
-0.01856229754042096,0.010906363709829512,agrammar_english,One jumps computer blue.
0.027053311029399896,-0.031137640646582743,agrammar_english,Blue a cat thinks.
0.008449223580748169,0.003859847295079377,agrammar_english,Red sleeps a dog.
0.005880834985393482,-0.008871304994881715,agrammar_english,House slow the runs.
-0.01239011050526339,0.022219922551374602,agrammar_english,Car jumps a small.
0.0017502367293499158,0.015289618155221812,agrammar_english,Runs one red car.
0.03766551487295089,-0.007160050021537482,agrammar_english,Swims cat one bright.
-0.020838170085971927,-0.05110113413633551,agrammar_english,One idea bright swims.
0.020111641576324606,-0.027733131634993042,agrammar_english,Thinks cat small a.
-0.019308079815153346,-0.02735562870483538,agrammar_english,A red idea runs.
0.007951480959703324,-1.0341812232482734e-05,agrammar_english,Car runs a.
0.009330367291965536,0.0013108095127482707,agrammar_english,Flies sad the dog.
0.013747986748077508,0.021689630494033107,agrammar_english,Tree works any.
-0.07501347308176132,0.017457512425089385,agrammar_english,The scientist red runs.
-0.0825295511984103,0.02493147132170764,agrammar_english,Red a scientist sleeps.
0.009437792535630325,-0.013797267294960296,agrammar_english,Happy some car flies.
1.6908475737697468e-05,0.008060047522597953,agrammar_english,Sleeps sad the car.
0.0031579399191330225,-0.012274411720120521,agrammar_english,Green thinks tree a.
-0.033887126517610854,-0.009597758669599495,agrammar_english,Thinks the green computer.
0.024268919597882785,0.01248727367945524,agrammar_english,The bright flies tree.
0.01595160836771803,0.0012442507631351474,agrammar_english,Flies big dog one.
0.02384077392917163,0.012070545568585668,agrammar_english,The bright runs tree.
0.02771850521137249,-0.034406408450429006,agrammar_english,Any thinks cat.
0.02988185893548818,0.007350870493901196,agrammar_english,Red one swims tree.
0.01726565582228707,-0.0007842193763163228,agrammar_english,A book swims green.
0.021480442480919203,-0.004527092237705337,agrammar_english,Car one swims.
0.015812850333651186,0.0025027388479115886,agrammar_english,Flies the small dog.
-0.0014639664650272623,-0.010917974124895733,agrammar_english,Works one big book.
0.0018177111687501606,-0.004601422343301435,agrammar_english,One works car.
-0.028547846573203972,-0.006246723981568648,agrammar_english,One book happy flies.
0.015741668655971004,0.0031950264870025517,agrammar_english,One flies dog bright.
-0.08370314514454928,0.027264324788162483,agrammar_english,Sleeps a scientist small.
-0.011202604483791975,0.024854164254867455,agrammar_english,The happy swims book.
-0.016095068322338573,-0.0024587650853150587,agrammar_english,Computer red works a.
0.03816232983756607,0.04190006149274071,agrammar_english,Works river some big.
-0.005493929164663083,-0.011181885052308,agrammar_english,Red computer swims the.
0.0445087140933986,0.04036181616847834,agrammar_english,Quick a river flies.
-0.015075666248332904,0.018481770019926923,agrammar_english,The jumps car.
-0.019786748503605872,0.015418198317868326,agrammar_english,A jumps book small.
0.03737706358384188,0.01968814845408662,agrammar_english,River a small swims.
0.003474214133585374,-0.008049469103537406,agrammar_english,Book runs the.
0.009774857159629094,-0.006113378566512328,agrammar_english,Dog works green a.
0.011684249168251004,-0.004561423145444575,agrammar_english,A flies house green.
-0.08000829997571017,0.004000042707479052,agrammar_english,Big works scientist some.
-0.018916573612237676,-0.02956321323553538,agrammar_english,Idea flies red the.
-0.011639327574894618,-0.05542893372769167,agrammar_english,One big idea jumps.
0.0021026715545621696,0.003017606186071451,agrammar_english,One small car runs.
-0.005080326712650934,0.03168359879307636,agrammar_english,Tree sad the thinks.
0.03427628448132905,0.01087329064723598,agrammar_english,Tree some red swims.
0.0009264323139515887,0.03342091730979397,agrammar_english,One sad sleeps tree.
0.01690808005392235,0.02402408317327942,agrammar_english,Tree some works.
-0.005622334552104139,-0.046498708867409456,agrammar_english,Runs some happy idea.
0.024137864368205985,0.0256661429272195,agrammar_english,Works blue one river.
0.018012118773221685,-0.03885327233086699,agrammar_english,Thinks some happy car.
-0.08127218790520326,0.024937668514459867,agrammar_english,Sleeps scientist one red.
0.01629543144314614,-0.03339267757084181,agrammar_english,Red some house thinks.
-0.02717072804719717,0.023377634261512126,agrammar_english,Book works one sad.
0.022209965201694742,0.005207508911350641,agrammar_english,Some book small swims.
-0.028805199429257834,0.005948405013715833,agrammar_english,Happy computer one sleeps.
0.037049539754504875,0.04467691524735029,agrammar_english,River one green runs.
0.009815926973399327,-0.03437419220637624,agrammar_english,House one happy thinks.
0.03343722230941278,0.006126315049325799,agrammar_english,A swims bright tree.
0.02382485411856962,-0.005806413516170634,agrammar_english,Green some cat flies.
0.003938487994673798,0.01362209425690611,agrammar_english,Book red the sleeps.
-0.05356331940156692,0.015845712900214953,agrammar_english,Scientist one happy flies.
0.014340266411359001,-0.03340268833393264,agrammar_english,One dog slow thinks.
0.021354123216398044,0.023910842492741103,agrammar_english,Tree a runs blue.
0.012644980078494506,0.022016362470537013,agrammar_english,River sleeps blue the.
0.011212663205977615,-0.004208402886905335,agrammar_english,Sleeps quick dog a.
-0.006054612706285078,0.0020233410812115857,agrammar_english,Book one sleeps slow.
-0.013470372220589805,0.01880554876800417,agrammar_english,Jumps car small one.
-0.01760976976119559,-0.014983755955325837,agrammar_english,Sleeps red one idea.
-0.0040766447926105275,-0.042638748404592544,agrammar_english,The thinks quick idea.
-0.04385351962424875,0.025593689111510016,agrammar_english,The swims happy scientist.
0.031064411176642808,-0.007262162753517461,agrammar_english,Cat swims slow a.
0.00019797932046862593,-0.028858996776579465,agrammar_english,Idea works small a.
0.012852981737132122,0.004455384513445946,agrammar_english,Small sleeps house the.
-0.0011394527999709463,-0.008118254797156362,agrammar_english,Big computer swims one.
-0.0042979868620400905,-0.044912870339991716,agrammar_english,Quick works idea the.
0.01084621722436588,-0.001880251650333667,agrammar_english,House sleeps one.
-0.01840035345312283,-0.0006397314200025179,agrammar_english,Works a computer.
-0.0038566287758494207,0.0076229940495811275,agrammar_english,A book sleeps red.
-0.03507099645289579,-0.006394481271384566,agrammar_english,Bright thinks one computer.
0.02613737361200261,0.025777310726906363,agrammar_english,River a flies blue.
0.03048263056950177,0.001705046914522209,agrammar_english,Swims dog small some.
-0.012699036426275684,0.02166595052845438,agrammar_english,Small the car jumps.
0.007471297619959553,0.022435468836813934,agrammar_english,Sad jumps tree the.
-0.017360624003690803,-0.044421090826141804,agrammar_english,Jumps small idea some.
0.022048368743350914,-0.00454841386147263,agrammar_english,Green flies cat the.
0.014598837687405431,-0.0020581584200568877,agrammar_english,Some big flies car.
-0.014559777999080786,-0.014417634022942714,agrammar_english,Sleeps big a idea.
-0.0005675596214219244,0.01635485222403824,agrammar_english,Works car red some.
-0.08258751618137669,0.02726123913393082,agrammar_english,Sleeps scientist big the.
-0.012774375291423614,-0.03416519405698953,agrammar_english,Happy one dog thinks.
-0.011553759450142035,-0.04858196730817532,agrammar_english,Idea happy one jumps.
0.02466907742962707,-0.040131447287643535,agrammar_english,One cat big thinks.
-0.02549701918470685,0.0052895235328739385,agrammar_english,A computer sleeps.
0.008217058636517002,-0.007523887276431047,agrammar_english,Quick sleeps a house.
-0.015245060564740185,-0.01119517914081157,agrammar_english,Sleeps one green idea.
0.027790020111065877,0.031708473845586005,agrammar_english,A big river jumps.
-0.02017076992147861,0.02261702506559903,agrammar_english,Swims happy some book.
-0.004873504444601801,-0.04509445330077452,agrammar_english,Works quick one idea.
0.025993463314042568,0.02268243661853601,agrammar_english,A river thinks bright.
0.006323827780882403,0.03494694820914264,agrammar_english,A works sad river.
0.010451209881791856,0.009078599575975918,agrammar_english,Red sleeps house the.
-0.048861261443719876,0.00674222347779252,agrammar_english,Computer green sleeps some.
0.021657359724327366,0.011818275656340384,agrammar_english,Blue the tree flies.
-0.012895774355016812,-0.05347379266173996,agrammar_english,The idea jumps.
0.008281928807714571,-0.004823633265697709,agrammar_english,House the quick sleeps.
0.02678975722857573,0.002924173364380065,agrammar_english,Scientist swims small some.
-0.07115473154041765,0.008816028328192423,agrammar_english,Happy one scientist works.
-0.026635227731503786,0.00789291720600419,agrammar_english,The slow jumps computer.
0.00917154465857131,0.022885248725401233,agrammar_english,A red river sleeps.
-0.02161195365286547,-0.04971885784286453,agrammar_english,A bright idea swims.
0.011117574791973606,0.020423718394648793,agrammar_english,One happy jumps tree.
-0.08125916920394378,0.017500941446209683,agrammar_english,The thinks red scientist.
-0.03691009195679224,-0.02305702360355087,agrammar_english,Computer thinks the.
-0.016438434034553084,0.011740417814802789,agrammar_english,Computer some jumps blue.
-0.052632453812227295,0.02134408580099082,agrammar_english,Works scientist a sad.
0.012254183458767904,0.024109435801812844,agrammar_english,The river slow sleeps.
0.009616623409986423,-0.009859072588864728,agrammar_english,Book green works one.
0.0362211924004622,0.04301941857019196,agrammar_english,River one works big.
-0.0016169456495398649,0.01683293212376314,agrammar_english,Sad sleeps some car.
-0.06955237278701593,0.02172867131187472,agrammar_english,Red jumps the scientist.
0.0399892995448447,0.036131329366442776,agrammar_english,Small a flies river.
0.008682449926123078,-0.031196442798045818,agrammar_english,Big car one thinks.
0.02730571357448907,-0.03984515559940411,agrammar_english,A thinks happy cat.
0.03212846692481334,0.007732494731152154,agrammar_english,The swims tree.
0.006810874818354608,-0.00914992566241235,agrammar_english,House works a small.
0.0028222452143665654,-0.011109253712252534,agrammar_english,Small house one flies.
-0.004714415968075498,-0.03980336190183892,agrammar_english,Idea some small runs.
0.02518677379393574,0.026044039246060604,agrammar_english,Blue river runs some.
0.026722812833253482,-0.009219337832407836,agrammar_english,Blue swims a cat.
0.001644519004373318,0.0260248392846145,agrammar_english,Sleeps happy tree the.
0.012891662818052672,0.0047111351794646384,agrammar_english,One runs tree green.
0.013762154383176689,0.020560571822393986,agrammar_english,Some river small sleeps.
-0.0767337583528101,0.027832973961721835,agrammar_english,Scientist a green sleeps.
0.018928517462425597,0.019158584533077377,agrammar_english,Slow tree jumps a.
0.02628906510246364,-0.00637072843283303,agrammar_english,Blue one flies cat.
-0.03463505934411634,-0.018949116393695915,agrammar_english,Thinks computer the big.
9.755393244498499e-05,-0.002783781551680957,agrammar_english,Big car sleeps some.
-0.08003427509734112,0.005847137186993682,agrammar_english,Some scientist blue thinks.
-0.0035478856663824975,-0.015693577598175905,agrammar_english,Green thinks one car.
0.0022255500166826823,-0.005685192602695342,agrammar_english,One quick works car.
-0.003341652366406003,-0.036518829785335785,agrammar_english,Any idea works.
-0.020368813075116912,0.00516409341242277,agrammar_english,Happy jumps computer some.
0.003558498944723998,-0.003081670801496454,agrammar_english,Quick the sleeps car.
0.02179512160117768,0.017644063018787275,agrammar_english,Slow river a thinks.
0.018481843287705125,-0.00771757481071673,agrammar_english,Cat the sleeps quick.
0.025787298430884287,-0.03654609051949587,agrammar_english,Quick cat thinks one.
0.034128182061823054,0.03528088372730823,agrammar_english,A quick jumps river.
-0.014010989978059808,0.025005975290245324,agrammar_english,Book happy a swims.
-0.014522943268520576,0.004219707953817743,agrammar_english,A book sleeps.
-0.08311422417856638,0.0038191692933215488,agrammar_english,Some scientist thinks.
0.029918361164088893,0.03557447721816086,agrammar_english,Some green works river.
-0.0017519790978630153,-0.0012131713533450857,agrammar_english,Small dog one sleeps.
0.00839847634026084,-0.03784020696165758,agrammar_english,Some red idea thinks.
0.007481486890309894,-0.017929786948900298,agrammar_english,Quick thinks one book.
0.00845350695722098,-0.006728400726662027,agrammar_english,Thinks one house blue.
-0.003006735868715063,-0.005603759350668469,agrammar_english,Blue the flies idea.
0.0008581558097431168,0.020052909589641243,agrammar_english,The cat jumps big.
0.012165106273447149,-0.014161416386077418,agrammar_english,Thinks quick one tree.
-0.013856755056371383,-0.00021793604465328772,agrammar_english,One computer works.
-0.03307415931625292,0.006965721120056473,agrammar_english,Flies computer slow one.
0.020421609229384734,0.01414514394522194,agrammar_english,The tree bright works.
0.030432622020918374,-0.012765036249413858,agrammar_english,Cat bright runs one.
0.02102648516150185,-0.041473833695975355,agrammar_english,The happy car thinks.
-0.0742521957499588,0.006341112532327659,agrammar_english,The quick works scientist.
0.037137257478750865,0.04456988279262461,agrammar_english,River one works.
0.0446678671465319,0.02461482060388158,agrammar_english,River big one swims.
0.00367023841800833,-0.011391509782108124,agrammar_english,Works a bright book.
-0.021022377399471062,-0.029257988899373474,agrammar_english,Red the idea runs.
0.01747683892133177,0.022485946124405992,agrammar_english,One tree works.
-0.007268971648255647,-0.04692458286035736,agrammar_english,Big idea one runs.
0.03130947625870039,0.03297135220737067,agrammar_english,A blue jumps river.
-0.0016251439771240474,-0.01210884350249008,agrammar_english,Happy house one flies.
0.028608955176696756,-0.03899513172706337,agrammar_english,Quick some thinks cat.
0.04353309494789931,0.03975014456890511,agrammar_english,One flies slow river.
0.007835479170820583,0.009441225793045785,agrammar_english,Red car runs a.
0.025831519583340956,0.02878947142140614,agrammar_english,Tree one runs big.
0.007677899563523858,-0.014787896142163533,agrammar_english,Green book one thinks.
0.005435830921574277,0.005764610167970788,agrammar_english,House sleeps red one.
-0.03860496472359838,-0.02484422166085198,agrammar_english,A computer thinks quick.
0.038352300210322786,-0.004950778568672706,agrammar_english,The swims bright cat.
0.024445050636145136,-0.008163052288004114,agrammar_english,Cat slow a flies.
0.020426060692703377,-0.004973895693677823,agrammar_english,Car one swims bright.
0.038663661325008425,0.04652482056288513,agrammar_english,River works one green.
-0.010093707760010664,-0.0008905395272231525,agrammar_english,One computer small runs.
0.0010669796754407337,0.017188102863204855,agrammar_english,Jumps cat slow one.
0.014156840060718516,-0.011236158765030403,agrammar_english,Car slow a thinks.
0.006611396536706884,-0.02097298833877164,agrammar_english,Some dog green thinks.
0.01788783025522144,0.03285130394884453,agrammar_english,A river happy swims.
0.021262097104052607,-0.014455551991962546,agrammar_english,Swims some house big.
0.0019074373250342798,0.003905648188436892,agrammar_english,Car sad the runs.
-0.009780369932492502,0.006279157358714227,agrammar_english,Jumps book happy the.
0.017938466853798178,-0.0016806461234017455,agrammar_english,Car a green swims.
-0.03207332149414198,-0.02024164466893037,agrammar_english,Small computer a thinks.
0.00809957206667113,-0.0058562593464957435,agrammar_english,Runs green a book.
0.042277332335559,0.03739330949695257,agrammar_english,Flies river any.
0.0075114159444043165,0.0046324159141093646,agrammar_english,Dog flies the.
-0.004478359055046107,-0.03969351264200955,agrammar_english,Bright the idea works.
-0.022527809527124024,-0.00012742034057749144,agrammar_english,Works computer happy a.
0.03442983786507216,0.007713281197574037,agrammar_english,Any swims tree.
-0.01656470570871867,-0.035710900778122286,agrammar_english,Swims idea sad some.
